NAME,ADDRESS_AB,longitude,latitude
Mount Royal University - City Centre Campus,,-114.0803108,51.04955283
University of Calgary - Main Campus,,-114.1301255,51.07540667
Alberta Ballet,"West Annex, 2nd Floor 906-12 Avenue S.W.",-114.082058,51.042251
Dr. Oakley,3904 - 20 Street S.W.,-114.1084354,51.01927221
H. D. Cartwright,5500 Dalhart Road N.W.,-114.1613274,51.11264854
Little Angels,599 Northmount Dr NW,-114.0880221,51.08717329
Prince of Peace,43 Auburn Meadows Blvd SE,-113.9498421,50.89326387
Annie Gale,577 Whiteridge Way N.E.,-113.9689428,51.08907262
North Point School for Boys,2445 - 23 Avenue SW,-114.1174839,51.03255636
Asasa Academy,599 Northmount Drive N.W.,-114.0880221,51.08717329
Delta West Academy,414 - 11A Street N.E.,-114.0346249,51.05510768
Evergreen,367 Everstone Dr. SW,-114.1065198,50.91692394
Calgary French & International,700 - 77 Street S.W.,-114.1978322,51.06789493
Haultain Memorial,605 Queensland Drive S.E.,-114.0233187,50.93954417
Father James Whelihan,70 Sunmills Drive S.E.,-114.0470194,50.90452435
F. E. Osborne,5315 Varsity Drive N.W.,-114.162965,51.0928118
A. E. Cross,3445 - 37 Street S.W.,-114.1420958,51.02324431
Sacred Heart Elementary,1312 - 15 Street S.W.,-114.0966365,51.04092048
Our Lady of the Assumption,7311 - 34 Avenue N.W.,-114.1913503,51.08329961
Calgary Academy Collegiate,1677 - 93rd Street S.W.,-114.2242479,51.03943008
Notre-Dame de la Paix,809 Willingdon Blvd SE,-114.0433726,50.95091705
Columbia College,802 Manning Road N.E.,-114.018022,51.05700183
Vista Virtual School - Calgary Writing Centre,341 -  58 Avenue SE,-114.0576597,51.00048542
North Middle School Campus,211 McKnight Blvd. NE,-114.060601,51.09545305
Hawkwood,650 Hawkwood Boulevard N.W.,-114.1787461,51.13065691
Annie Foote,6320 Temple Drive N.E.,-113.9403303,51.08598862
Holy Cross Elementary Junior High,3719 - 26 Avenue S.E.,-113.9795625,51.03005541
Briar Hill,1233 - 21 Street N.W.,-114.1114185,51.0631133
West Island College,7410 Blackfoot Trail S.E.,-114.0521604,50.98710438
West Dalhousie,6502 - 58 Street N.W.,-114.1695389,51.1111682
Douglas Harkness,6203 - 24 Avenue N.E.,-113.9460446,51.07384348
Holy Family,904 - 32 St. S.E.,-113.9878638,51.04553616
All Boys Alternative Program,c/o Sir James Lougheed School 3519 - 36 Avenue SW,-114.1362258,51.02117978
McKenzie Lake,16210 McKenzie Lake Way S.E.,-113.9849974,50.90621794
Monsignor J. S. Smith,2919 Douglasdale Boulevard S.E,-113.9898639,50.94121168
Calgary Christian High,5029 - 26 Avenue S.W.,-114.1589411,51.02976336
St. Andrew,4331 - 41 Avenue S.W.,-114.1477242,51.01636282
South Middle School Campus,8710 Ancourt Rd. SE,-114.053305,50.97529024
Queen Elizabeth High,512 - 18 Street N.W.,-114.1019163,51.05620243
Belfast,1229 - 17A Street N.E.,-114.0183083,51.06337499
St. Mark Elementary,4589 Marbank Drive N.E.,-113.9693478,51.06303245
Nose Creek,135 Covepark Square NE,-114.0606997,51.16714956
Greek Community,1 Tamarac Crescent S.W.,-114.1374937,51.04817391
Prince of Wales,253 Parkland Way SE,-114.033308,50.92476418
Penbrooke Meadows,5645 Pensacola Crescent S.E.,-113.9521888,51.04179533
Hugh A. Bennett,40 Saddlelake Way NE,-113.9285483,51.13168396
Christine Meikle,3525 50 Street NW,-114.1610657,51.08454469
St. William,11020 Fairmount Drive S.E.,-114.0592582,50.9536216
Canadian Montessori School West,1112 - 70 Avenue S.W.,-114.0882622,50.99074473
Alberta University of the Arts,,-114.0903742,51.0632961
St. Anthony,4811 6th St. SW,-114.0792951,51.01010775
Tuscany,990 Tuscany Drive N.W.,-114.2454306,51.11778706
St. Henry Elementary,7423 - 10 Street N.W.,-114.0801778,51.11759752
North Point School for Boys,2445 23 Ave SW,-114.1174839,51.03255636
Tom Baines,250 Edgepark Boulevard N.W.,-114.1569935,51.1335144
Central Memorial High,5111 - 21 Street S.W.,-114.1135205,51.00792788
Renfrew Educational Services-Janice McTighe Centre,2050 - 21 Street N.E.,-114.0082917,51.06961698
Woodman,8706 Elbow Drive S.W.,-114.083213,50.97565831
Wilma Hansen,963 Queensland Drive S.E.,-114.0188704,50.9322873
Mountain Park,312 Mt. Douglas Close S.E.,-113.9818799,50.92379832
Henry Wise Wood High,910 - 75 Avenue S.W.,-114.0846844,50.98634063
"Almadina Language Charter Academy, Mountain View Campus",2031 Sable Drive S.E.,-113.986831,51.03220046
St. Hubert Elementary,320 - 72 Avenue N.E.,-114.0622133,51.1183759
Crossing Park,500 Martindale Blvd. N.E.,-113.9663237,51.11569222
Janus Academy,2223 Spiller Road SE,-114.0457894,51.03318859
Olympic Heights,875 Strathcona Drive S.W.,-114.1807765,51.04596759
O.S. Geiger,100 Castlebrook Drive N.E.,-113.9615405,51.10488651
St. Marguerite,1100 New Brighton Drive SE,-113.9372308,50.92115491
St. Isabella,855 Copperfield Blvd SE,-113.935989,50.91058319
Calgary Girls Charter,6304 Larkspur Way S.W.,-114.1147539,50.99907702
Cedarbrae,10631 Oakfield Drive S.W.,-114.1331845,50.95839876
Our Lady of the Evergreens Catholic,322 Everridge Dr. S.W.,-114.1221942,50.91437381
Master's Academy,4414 Crowchild Trail S.W.,-114.1165459,51.01530238
Royal Oak,9100 Royal Birch Blvd NW,-114.2220693,51.1455728
Canadian Montessori School North,1112 - 70 Avenue S.W.,-114.0882622,50.99074473
St. Catherine Elementary,11 Canata Close S.W.,-114.0864888,50.94384646
R. T. Alderman,725 Mapleton Drive S.E.,-114.0445879,50.96115938
Guy Weadick,5612 Templehill Road N.E.,-113.9529749,51.08698834
Killarney,3008 - 33 Street S.W.,-114.1347293,51.02819342
Rundle College Academy,4330 - 16 Street S.W.,-114.0997725,51.01529662
Calgary Chinese Alliance,150 Beddington Blvd. NE,-114.0676255,51.12573264
Sam Livingston,12011 Bonaventure Drive S.E.,-114.0612703,50.94544818
Chief Justice Milvain,3428 - 42 Street N.E.,-113.97219,51.08368605
Abbeydale,320 Abergale Drive N.E.,-113.9298486,51.0566252
Twelve Mile Coulee,65 Tuscany Hills Road N.W.,-114.2434801,51.12283617
Heritage Christian Academy,2003 McKnight Boulevard N.E.,-114.0101364,51.09213522
"Calgary Islamic School, Akram Jomaa Campus",2612 - 37 Avenue N.E.,-114.0004774,51.08758987
St. Brigid,"730 Citadel Way, N.W.",-114.1877229,51.14634032
William Roper Hull,2266 Woodpark Avenue SW,-114.1138325,50.94836265
Scenic Acres,50 Scurfield Way N.W.,-114.2156566,51.12008909
Light of Christ Catholic,6270 Saddlehorn Dr. N.E.,-113.9412735,51.12953723
The Holy House of Our Lady and St. John,1423 8 Ave SE,-114.0292505,51.04002356
Chinook Winds Adventist Academy,10101 - 2nd Avenue S.W.,-114.2332662,51.07923421
St. Kateri Tekakwitha,1005 Abbotsford Drive N.E.,-113.9276608,51.0618538
Calgary Home Education,5505 4A St. SW,-114.0744439,51.004704
University of Calgary - Spy Hill Campus,,-114.2169018,51.16003783
École du Nouveau-Monde,220 Scenic Acres Drive NW,-114.215124,51.11159602
Harold Panabaker,23 Sackville Drive S.W.,-114.0866482,50.95763959
Monsignor E. L. Doyle Elementary,8887 Scurfield Drive NW,-114.2164244,51.1220284
St. John Paul II,119 Castleridge Drive N.E.,-113.9561994,51.10771023
Buffalo Rubbing Stone,1308 Panatella Blvd NW,-114.0873685,51.1683524
Children's Village,1210 Russet Road NE,-114.0419644,51.06386879
Menno Simons Christian,7000 Elkton Drive S.W.,-114.188501,51.02420032
St. Matthew,416 - 83 Avenue S.E.,-114.0585101,50.97868237
Chinook Park,1312 - 75 Avenue S.W.,-114.0893703,50.98644777
Ramsay,2223 Spiller Road S.E.,-114.0457894,51.03318859
The Chinese Academy,"#191, 1518 Centre Street N.E.",-114.0701312,51.11279744
Lake Bonavista,1015 - 120 Avenue S.E.,-114.0409238,50.94454098
Mayland Heights,2324 Maunsell Drive N.E.,-114.0072928,51.05895181
Cecil Swanson,4820 Rundlewood Drive N.E.,-113.9675431,51.07418219
Earl Grey,845 Hillcrest Avenue S.W.,-114.0826538,51.03087449
St. Joan of Arc Elementary/Junior High,7970 Wentworth Drive SW,-114.2072404,51.05712474
Rosedale,905 - 13 Avenue N.W.,-114.0814991,51.06359709
Buchanan,3717 Centre Street NW,-114.0631478,51.08562966
Eric Harvie,357 Tuscany Drive NW,-114.2511111,51.12804188
Southeast Elementary Campus,9711 Academy Drive SE,-114.0454063,50.96724193
Queen Elizabeth,402 - 18 Street N.W.,-114.1019611,51.05545841
Webber Academy,1515 - 93 Street SW,-114.2250221,51.04412145
Ernest Manning High,20 Springborough Blvd. SW,-114.1892353,51.03595702
Dr. George Stanley,585 Cranston Dr. SE,-113.9782889,50.88277715
University of Calgary - Foothills Campus,,-114.1342455,51.06600737
Dr. E. W. Coffin,5615 Barrett Drive N.W.,-114.1347991,51.10375263
Haysboro,1123 - 87 Avenue S.W.,-114.0891358,50.97549518
"Calgary Islamic School, Omar Bin Al-Khattab Campus",Omar Bin Al-Khattab Campus 225 28 Street SE,-113.9938098,51.05074504
Banting and Best,1819 - 66 Avenue S.E.,-114.0138538,50.99372604
All Saints,729 Legacy Village Rd SE,-114.0267568,50.85930381
Lord Beaverbrook High,9019 Fairmount Drive S.E.,-114.0616396,50.97309982
Falconridge,1331 Falconridge Drive N.E.,-113.9454326,51.09936414
Langevin,107 - 6A Street N.E.,-114.0477096,51.05285065
Douglasdale,400 Douglas Park Blvd. S.E.,-113.9826488,50.93526299
Maria Montessori School - cSPACE King Edward Location,cSPACE Projects 1721-29 Avenue SW,-114.1008834,51.02726986
Simons Valley,375 Sandarac Drive N.W.,-114.107326,51.13967813
St. Jean Brebeuf,5030 Northland Drive N.W.,-114.1402289,51.09789338
Janus Academy (Holy Cross Site),2223 Spiller Rd SE,-114.0562929,50.9774377
Bridlewood,207 Bridleridge Way S.W.,-114.110662,50.90238361
Akiva Academy,140 Haddon Road S.W.,-114.0778236,50.97327738
Cranston,205 Cranston Drive SE,-113.9872418,50.88678714
Glamorgan,50 Grafton Drive S.W.,-114.1453983,51.01537994
Aurora Learning Calgary,#137 5305 McCall Way NE,-114.0030345,51.10133931
St. Gregory,5340 - 26 Avenue S.W.,-114.1604737,51.03113745
Vista Heights,2411 Vermillion Street N.E.,-114.0170736,51.07388724
Taradale,"170 Taravista Drive N.E,",-113.9377551,51.12125306
Braeside,1747 - 107 Avenue S.W.,-114.1016943,50.95667356
Renfrew Educational Services - Child Development Centre,2050 - 21 Street N.E.,-114.1439291,51.07476523
Bowcroft,3940 - 73 Street N.W.,-114.1927889,51.08755906
St. Augustine Elementary Junior High,7112 - 7 Street S.W.,-114.0807771,50.99111369
St. Francis High,877 Northmount Drive N.W.,-114.1024075,51.08450658
Vincent Massey,939 - 45 Street S.W.,-114.1534231,51.04403726
Senator Patrick Burns,2155 Chilcotin Road N.W.,-114.1155367,51.0882111
West View,Calgary Young Offender Centre 12626 - 85 Street N.W.,-114.2080705,51.16557939
Ecole Terre des Jeunes,3720 - 42 Street NW,-114.1499727,51.08530945
Corpus Christi,5607 Thornton Road N.W.,-114.0680318,51.10159694
Calgary German Language School Society,PO Box 84114   Market Mall RPO,-114.1927889,51.08755906
St. Patrick,6006 Rundlehorn Drive N.E.,-113.9467028,51.07198995
Horizon Heritage Arabic,"Building B4, 2452 Battleford A",-114.1398144,51.03967371
Terrace Road,2103 - 46 Street N.W.,-114.1579317,51.07450188
Rundle,4120 Rundlehorn Drive N.E.,-113.9737217,51.07118232
David Thompson,9320 Arbour Crescent S.E.,-114.0546514,50.96940359
Holy Child,31 Silverado Terrace SW,-114.0831381,50.88618302
Ascension of Our Lord,509 Harvest Hills Drive N.E.,-114.0596888,51.14695689
Catherine Nichols Gunn,6625 - 4 Street N.E.,-114.057895,51.11164372
Pineridge,1927 - 61 Street N.E.,-113.9452293,51.0703248
Panorama Hills,1057 Panorama Hills Dr N.E,-114.0859214,51.15581401
W.O. Mitchell,511 Silvergrove Drive N.W.,-114.1942875,51.11369077
St. Michael,4511 - 8 Avenue S.W.,-114.1515775,51.04478491
Our Lady of Fatima,6320 Taralea Park NE,-113.9379102,51.11632175
Robert Warren,12424 Elbow Drive S.W.,-114.084817,50.94250672
Calgary Jewish Academy,6700 Kootenay Street S.W.,-114.0926065,50.99349472
St. Elizabeth Seton,10845 Hidden Valley Drive,-114.1104364,51.15110183
Branton,2103 - 20 Street N.W.,-114.1090305,51.07124691
Divine Mercy,228 Mahogany Blvd. SE,-113.9239578,50.90155662
Simon Fraser,5215 - 33 Street N.W.,-114.1365505,51.10031941
St. Luke Bilingual Elementary,"1232 Northmount Dr., N.W.",-114.1226868,51.09082672
Deer Run,2127 - 146 Avenue S.E.,-114.0094545,50.92155543
St. Wilfrid Elementary,4225 - 44 Avenue N.E.,-113.9689943,51.09192654
St. Bonaventure,1710 Acadia Drive S.E.,-114.0471812,50.93173706
St. Rupert,111 Rundlehill Drive N.E.,-113.9705283,51.07689762
Sir John Franklin,2215 - 8 Avenue N.E.,-114.0079231,51.05967722
Calgary Academy,1677 93 rd Street S.W.,-114.2242479,51.03943008
Somerset,150 Somerset Manor S.W.,-114.0848851,50.89740583
Canadian Montessori,1112 70 Avenue S.W.,-114.0882622,50.99074473
New Brighton,30 New Brighton Drive SE,-113.9537078,50.91947717
Marlborough,4711 Maryvale Drive N.E.,-113.9654996,51.05608357
AADAC Youth Services,1005 - 17 Street N.W.,-114.101692,51.06110534
West Dover,3113 - 30 Avenue S.E.,-113.990648,51.02632922
Eastside Christian Academy,1320 Abbeydale Drive SE,-113.93022,51.05195233
Renert,14 Royal Vista Link NW,-114.2028365,51.15183702
St. Margaret,3320 Carol Drive N.W.,-114.0976374,51.08213532
Erin Woods,25 Erin Park Drive SE,-113.9657774,51.02269972
Westgate,150 Westminster Drive S.W.,-114.1591998,51.04448815
Radisson Park,2805 Radcliffe Drive S.E.,-113.992233,51.04616136
The Hamptons,10330 Hamptons Boulevard N.W.,-114.148507,51.14344573
Discovering Choices 2,#92 116 3800 Memorial Dr NE,-113.9784098,51.05533875
Bob Edwards,4424 Marlborough Drive N.E.,-113.9687737,51.0599294
École La Mosaïque,199 Martindale Blvd NE,-113.9575118,51.1137667
Chinook Learning Services,"2336 53 Ave SW, Calgary, T3E 1",-114.0654256,51.06858162
Young Adult Program,805 - 37 Street NW,-114.1344107,51.06466876
MAC Islamic School - Calgary Chapter,64 12 street NE,-114.1799394,51.11482356
Ian Bazalgette,3909 - 26 Avenue S.E.,-113.9776781,51.02983255
Woodbine,27 Woodfield Way S.W.,-114.1289426,50.93653289
Mother Mary Greene,115 Edenwold Drive N.W.,-114.1392446,51.12430679
Renfrew Educational Services-Bowness Centre,2050 - 21 Street N.E.,-114.2119244,51.09632928
James Short Memorial,6333 - 5 Avenue S.E.,-113.9427983,51.04786054
Yufeng Chinese,169 Citadel Ridge Close NW,-114.1834692,51.14609435
Sundance,200 Sunmills Drive S.E.,-114.0468131,50.90066057
Louise Dean,120 - 23 Street N.W.,-114.1146825,51.05315071
Trinity Christian,"#100, 295 Midpark Way S.E.",-114.0622404,50.90932823
Colonel Irvine,412 Northmount Drive N.W.,-114.0799321,51.09243676
West Springs,8999 Wentworth Ave S.W.,-114.2167498,51.05843778
Sunnyside,211 - 7 Street N.W.,-114.0795441,51.05656238
Our Lady of Lourdes,1916 2nd Street SW,-114.0681603,51.03567312
Cappy Smart,5808 Madigan Drive N.E.,-113.9450677,51.06369308
St. Bede Elementary,333 Bermuda Drive N.W.,-114.082846,51.13167374
Chris Akkerman,5004 Marbank Drive N.E.,-113.963011,51.06375727
Georges P. Vanier,509 - 32 Avenue N.E.,-114.0520691,51.08060531
Grant MacEwan,180 Falshire Drive N.E.,-113.9429503,51.10642762
Calgary Christian,2839 - 49 Street S.W.,-114.1589506,51.02746775
Glenmore Christian Academy Elementary,16520 - 24 Street S.W.,-114.1152537,50.90397951
Citadel Park,808 Citadel Drive NW,-114.1742345,51.14545106
FFCA High School Campus,2116 McKay Road N.W.,-114.1519278,51.06958106
Westbrook Outreach,"#3, 1002 - 37 Street S.W",-114.1403068,51.04428799
William Aberhart High,3009 Morley Trail N.W.,-114.1153375,51.07866951
Father Scollen,6839 Temple Drive N.E.,-113.9419616,51.09302027
Calgary Quest,3405 Spruce Drive S.W. c/o Spruce Cliff Elementary,-114.1366387,51.0497215
Holy Angels,275 Riverglen Drive SE,-114.0100177,50.97409534
St. Peter Elementary,720 - 58 Street S.E.,-113.949107,51.04618504
Filipino Language and Cultural School of Calgary,Bay 204 & 206 4656 Westwinds Dr NE,-113.9678004,51.10064698
SAIT - Art Smith Aero Centre,,-114.0054563,51.1011594
St. Helena,320 - 64 Avenue N.W.,-114.0677619,51.1115067
Huntington Hills,820 - 64 Avenue N.W.,-114.0774569,51.11220898
Dr. Gordon Townsend,28 Oki Drive NW,-114.1483456,51.07449452
Holy Trinity,1717 - 41 Street S.E.,-113.9749456,51.03897001
Father Doucet,65 Shannon Drive S.W.,-114.0851689,50.90934423
Dr. Roberta Bondar,1580 Strathcona Drive,-114.2055305,51.05033672
Mount Royal University - Lincoln Park Campus,,-114.1327203,51.01280496
Bishop McNally High,5700 Falconridge Boulevard N.E,-113.9537059,51.10303042
Banff Trail,3232 Cochrane Road N.W.,-114.1167588,51.08163948
Joane Cardinal-Schubert High,19480-45 Street SE,-113.9440104,50.87802221
Jack James High,5105 - 8 Avenue S.E.,-113.9603709,51.04456881
Highwood,11 Holmwood Avenue N.W.,-114.0765328,51.09224357
National Sport,Suite 110 151 Canada Olympic Road SW,-114.2210265,51.08479481
Juno Beach Academy of Canadian Studies,315 - 86 Avenue SE,-114.0650625,50.97532112
Auburn Bay,7 Auburn Bay Avenue SE,-113.962328,50.896755
Ethel M. Johnson,255 Sackville Drive S.W.,-114.0890389,50.95547339
Northeast Elementary Campus,1140 Mayland Drive NE,-114.0112907,51.06419426
Dr. J. K. Mulloy,7440 - 10 Street N.W.,-114.079969,51.11922507
Copperfield,54 Copperstone Road SE,-113.9288059,50.91483204
Guardian Angel,20 Aspen Hills Dr. SW,-114.2164654,51.04062873
Italian School of Calgary,416-1 Avenue N.E.,-114.0531472,51.0537463
Forest Lawn High,1304 - 44 Street S.E.,-113.9689496,51.04240307
Calgary Arts Academy,640 14th Avenue S.E.,-114.0492422,51.03940198
Griffith Woods,7652 - 26 Avenue,-114.194747,51.03097941
Rosscarrock,1406 - 40 Street S.W.,-114.1447822,51.04121638
Calgary Chinese Private,126 2nd Avenue S.W,-114.0642879,51.05161459
Rundle College Elementary,7615 - 17 Ave SW,-114.1973197,51.03671309
Clarence Sansom,5840 - 24 Avenue N.E.,-113.9491955,51.07461348
River Valley School ECS,3127 Bowwood Drive N.W.,-114.1743441,51.07946941
Renfrew Educational Services - Park Place Centre,2050 - 21 Street N.E.,-114.0082917,51.06961698
Robert Thirsk,8777 Nose Hill Drive N.W.,-114.1947783,51.13084134
Ecole de La Source,360 - 94 Avenue S.E.,-114.0618314,50.96917876
St. Dominic,4820 Dalhart Road N.W.,-114.1542441,51.10955875
Louis Riel,9632 Oakfield Drive S.W.,-114.1322579,50.96673113
Apostles of Jesus,15 Skyview Ranch Street NE,-113.9565131,51.15841731
William Reid,1216 - 36 Avenue S.W.,-114.0903428,51.0221745
Ecole St. Pius X,2312 - 18 Street N.W.,-114.1034063,51.07297253
St. John Henry Newman,16201 McKenzie Lake Boulevard S.E.,-113.9888584,50.90733934
"Almadina Language Charter Academy, Ogden Campus","118, 3132-26 St NE",-114.0121229,50.98449658
CLS James Fowler Writing Centre,4004 4 St NE,-114.0705163,51.08653215
Manmeet Singh Bhullar,1027 Martindale Blvd. NE,-113.9594225,51.12330682
Our Lady of Grace,736 Evanston Drive,-114.1204866,51.17933944
Bow Valley College,,-114.0561994,51.04769511
Niitsitapi Learning Centre,3743 Dover Ridge Drive S.W.,-113.9793371,51.02058871
Samuel W. Shaw,115 Shannon Drive S.W.,-114.0873756,50.90813212
Collingwood,3826 Collingwood Drive N.W.,-114.1032575,51.08578192
Glenmore Christian Academy Junior High,16520-24 Street SW,-114.1152537,50.90397951
Sherwood,2011 - 66 Avenue S.E.,-114.0114784,50.99369668
Mountain View Academy,3915 34 Street NE,-113.9861039,51.0884378
Elboya,4804 - 6 Street S.W.,-114.0782137,51.01088338
Western Canada High,641 - 17 Avenue S.W.,-114.0775476,51.03699475
Marion Carson,5225 Varsity Drive N.W.,-114.1614063,51.09291658
Glendale,2415 Kelwood Drive S.W.,-114.14558,51.03246723
Ranchlands,610 Ranchlands Boulevard N.W.,-114.1792097,51.11870483
Sunalta,536 Sonora Avenue S.W.,-114.1108977,51.0413434
Varsity Acres,4255 40 Street NW,-114.1482182,51.09101439
Ecole de la Rose Sauvage,2512 - 4 Street N.W.,-114.0703034,51.07484465
Bearspaw Christian School & College,15001 - 69 Street NW,-114.189516,51.18697362
Lester B. Pearson High,3020 - 52 Street N.E.,-113.9563976,51.07694992
Nelson Mandela High,45 Saddletowne Circle NE,-113.9488457,51.12198057
Altadore,4506 - 16 Street S.W.,-114.0997332,51.01400266
St. Thomas Aquinas,4540 - 26 Avenue S.W.,-114.1518544,51.03097219
Sibylla Kiddle,126 Cranford Drive SE,-113.9708023,50.87786254
Dr. Gladys McKelvie Egbert,6033 Madigan Dr. NE,-113.9415291,51.05889221
North Haven,4922 North Haven Drive N.W.,-114.0866128,51.09750908
Dr. Freda Miller,2511 Fish Creek Blvd,-114.1160186,50.92085045
St. Maria Goretti Elementary,375 Hawkstone Drive N.W.,-114.1777507,51.13452422
St. Philip,13825 Parkside Drive S.E.,-114.0382746,50.92788262
Keeler,4807 Forego Avenue S.E.,-113.9648131,51.04925682
John G Diefenbaker High,6620 - 4 Street N.W.,-114.0701312,51.11279744
Glenmeadows,4931 Grove Hill Road S.W.,-114.1589291,51.0348618
Discovering Choices 2,#92 116 3800 Memorial Dr NE,-113.9784098,51.05533875
Canyon Meadows,395 Canterbury Drive S.W.,-114.0780912,50.94741036
St. Clare,"12455 Coventry Hills Way, N.E.",-114.0453956,51.16474253
Capitol Hill,2210 - 18 Street N.W.,-114.1039175,51.07207663
Richmond,2701 - 22 Street S.W. c/o Richmond Elementary Schoo,-114.1150386,51.03013271
Captain John Palliser,1484 Northmount Drive N.W.,-114.1360161,51.09636485
Bishop Pinkham,3304 - 63 Avenue S.W.,-114.1306992,50.99726298
Coventry Hills,12350 Coventry Hills Way NE,-114.0514137,51.1651804
Father Lacombe,3615 Radcliffe Drive S.E.,-113.9832447,51.04738092
University of Calgary - Downtown Campus,,-114.0821275,51.0463613
McKenzie Highlands,25 McKenzie Towne Dr. SE,-113.9700732,50.91099366
Rundle College Junior High,7375 - 17 Avenue SW,-114.1939221,51.03689411
Bowness High,4627 - 77 Street N.W.,-114.200251,51.09317526
Thomas B Riley,3915 - 69 Street N.W.,-114.1890516,51.08752917
Riverbend,65 Rivervalley Drive S.E.,-114.0185021,50.97215624
Roland Michener,5958 - 4 Avenue N.E.,-113.9473997,51.05701939
St. Jude,730 Woodbine Boulevard S.W.,-114.1334374,50.94295224
St. Boniface Elementary,927 Lake Sylvan Drive S.E.,-114.0423413,50.94306371
Notre Dame High,11900 Country Village Link NE,-114.065834,51.15765941
Lycee Louis Pasteur,4099 Garrison Blvd. S.W.,-114.1144831,51.01764277
Rosemont,19 Rosevale Drive N.W.,-114.0923733,51.07787121
Marshall Springs,1100 Everridge Drive S.W.,-114.1123004,50.91144484
Mount Royal,2234 - 14 Street S.W.,-114.0939102,51.03472234
Peter Lougheed,148 Saddletree Close NE,-113.9556832,51.13066963
King George,2108 - 10 Street N.W.,-114.0840555,51.07089707
Southwest Elementary Campus,898 Sylvester Cres. SW,-114.0825466,50.95898072
Jennie Elliott,3031 Lindsay Drive S.W.,-114.1272286,50.99612956
Renfrew Thomas W. Buchanan Centre,2050 - 21 Street N.E.,-114.0560057,50.9019437
St. Bernadette,55 Lynndale Crescent S.E.,-114.0091978,50.99039088
Fairview,7840 Fairmount Drive S.E.,-114.05945,50.98398556
Le Roi Daniels,47 Fyffe Road S.E.,-114.0579556,50.98385836
Woodlands,88 Woodgreen Drive S.W.,-114.1069696,50.93893519
Rundle College Senior High,7375 - 17 Avenue SW,-114.1939221,51.03689411
St. Monica,235 - 18 Avenue S.W.,-114.0678144,51.03676979
Mount Royal University - Holy Cross Campus,,-114.0670812,51.03243349
Valley Creek,10951 Hidden Valley Dr NW,-114.1166729,51.15023383
James Fowler High,4004 - 4 Street N.W.,-114.0705163,51.08653215
Christ the King Catholic,333 Cranston Way SE,-113.9759703,50.88783692
Our Lady of Peace Elementary Junior High,14826 Millrise Hill S.W.,-114.0877102,50.91848506
William D. Pratt,9850 Royal Oak Drive Nw,-114.2240926,51.14936065
Sir Wilfrid Laurier,819 - 32 Street S.E.,-113.9893061,51.04573477
Alternative High,5003 - 20 Street S.W.,-114.10996,51.00965946
Elbow Park,721 - 38 Avenue S.W.,-114.082197,51.01957747
Dalhousie,4440 Dallyn Street NW,-114.1513785,51.10652693
Janet Johnstone,224 Shawnessy Drive S.W.,-114.080086,50.90936931
Captain Nichola Goddard,405 Panatella Blvd NW,-114.0886788,51.16245093
Terry Fox,139 Falshire Drive N.E.,-113.945104,51.10465691
St. Damien,3619 - 28 Street S.E.,-113.9922281,51.02192022
Saddle Ridge,368 Saddlecrest Blvd N.E.,-113.9368796,51.13688258
Project Trust,"#206, 315 10 avenue  S.E.",-114.0828403,51.07207022
Colonel J. Fred Scott,171 Whitehorn Road N.E.,-113.9681644,51.0877669
Start Outreach,4110 - 79 Street NW,-114.2019032,51.08942953
University,3035 Utah Drive N.W.,-114.1332756,51.0698082
Phoenix Education Foundation,320 19 Street S.E.,-114.0078257,51.05026416
Banbury Crossroads,B1 #201 2451 Dieppe Avenue S.W.,-114.1190388,51.01928658
St. Gerard Bilingual,1204 - 96 Avenue S.W.,-114.0884791,50.96887003
Centennial High,"55 Sun Valley Boulevard, S.E.",-114.0533548,50.90610968
St. Mary's High,111 - 18 Avenue S.W.,-114.0640176,51.03661432
Midnapore,55 Midpark Rise S.E.,-114.0551747,50.91504021
Maple Ridge,10203 Maplemont Road S.E.,-114.0419588,50.96189052
Bishop Kidd,1420 - 28 Street S.E.,-113.9921283,51.0405772
John Ware,10020 - 19 Street S.W.,-114.1053048,50.96365477
Willow Park,343 Willow Park Drive S.E.,-114.0606873,50.95779616
Clear Water Academy,2521 Dieppe Avenue SW,-114.120974,51.01937604
Westmount Mid/High,2215 Uxbridge Dr. N.W.,-114.1325128,51.07104759
St. Rose of Lima Junior High,2419 50 Street NE,-113.9622789,51.07580057
St. Sebastian Elementary,65 Chaparal Drive SE,-114.029127,50.88484306
Ron Southern,483 Silverado Blvd. SW,-114.0856882,50.88093182
Northern Lights,711 Coventry Drive NE,-114.0469265,51.15761631
Emily Follensbee,5139 - 14 Street S.W.,-114.0955749,51.00763587
St. Thomas More,6110 Temple Drive N.E.,-113.9455347,51.08541163
Access Academy,B1 - 2451 Dieppe Avenue S.W. Box 100,-114.1190388,51.01928658
New Heights School and Learning Services,2521 Dieppe Ave SW,-114.1221707,51.01847359
Dr. E. P. Scarlett High,220 Canterbury Drive S.W.,-114.0879719,50.94878736
St. Cecilia (Bilingual) Elementary,610 Agate Crescent S.E.,-114.0504111,50.96529608
Midpark Writing Centre,"#305, 295 Midpark Way SE",-114.0622404,50.90932823
Fish Creek,1039 Suncastle Drive S.E.,-114.0328114,50.90150514
St. Angela Elementary,231 - 6 Street N.E.,-114.0488198,51.05442193
Master's College,4414 Crowchild Trail SW,-114.1165459,51.01530238
Holy Name (Bilingual),3011 - 35 Street S.W.,-114.1390036,51.02827189
CBe - Learn,2336 53 Avenue S.W.,-114.1139277,51.00651691
Calgary Waldorf,515 Cougar Ridge Drive S.W.,-114.2183262,51.07234939
Wood's Homes,805 37 ST NW,-114.2242283,51.09609805
Nellie McClung,2315 Palliser Drive S.W.,-114.1130138,50.9684953
SAIT - Main Campus,,-114.0892724,51.0645151
Eugene Coste,10 Hillgrove Crescent S.W.,-114.0869778,50.96788958
Mount View,2004 - 4 Street N.E.,-114.0520619,51.06962544
Ted Harrison,215 Taravista Way N.E.,-113.9282542,51.11723275
Silver Springs,7235 Silvermead Road N.W.,-114.1908255,51.10571021
St. Cyril,2990 Cedarbrae Drive S.W.,-114.1285219,50.95549347
Blessed Marie-Rose,999 Sherwood Blvd. NW,-114.1483237,51.15988954
Acadia,9603 - 5 Street S.E.,-114.0539269,50.96761062
Belvedere Parkway,4631 - 85 Street N.W.,-114.2115592,51.09271682
Monsignor A. J. Hetherington Elementary,4 Coral Springs Boulevard N.E,-113.9340476,51.0995523
Colonel Macleod,1610 - 6 Street N.E.,-114.0476454,51.06618282
Hidden Valley,10959 Hidden Valley Drive NW,-114.11959,51.15025376
Bishop O'Byrne High,Suite 500 333 Shawville Boulevard S.E.,-114.0645668,50.89809185
Midsun,660 Sunmills Drive S.E.,-114.0309154,50.90184947
Don Bosco,13615 Deer Ridge Drive S.E.,-114.0182527,50.93130069
Bishop Carroll High,4624 Richard Road S.W.,-114.1207915,51.01269364
Calgary International Academy,450 Royal Oak Drive NW,-114.231867,51.13911895
St. Gianna,800 Auburn Bay Blvd SE,-113.968031,50.89551366
Patrick Airlie,1520 - 39 Street S.E.,-113.9767839,51.03991139
McKenzie Towne,679 Prestwick Cir. SE,-113.9667175,50.92704874
Bishop Grandin High,111 Haddon Road S.W.,-114.078741,50.97543777
Tyndale Christian,28 Hart Estates Blvd. NE,-113.8677457,51.05863393
St. Anne Academic Centre,1010 - 21 Avenue S.E.,-114.0389181,51.03513931
Nickle,2500 Lake Bonavista Drive S.E.,-114.0614348,50.94073673
Valley View,4105 - 26 Avenue S.E.,-113.9752778,51.03005456
Discovering Choices,"206, 315 - 10 Avenue S.E.",-114.0566933,51.04287051
Andrew Sibbald,1711 Lake Bonavista Drive S.E.,-114.0408775,50.9351786
G.W. Skene,6226 Penbrooke Drive S.E.,-113.9452208,51.04562487
Monsignor Neville Anderson,327 Sandarac Drive N.W.,-114.1041066,51.13915085
Northwest Elementary Campus,719-44 Ave NW,-114.0780594,51.09317275
School of East Indian Languages and Performing Arts,376 Silverado Boulevard SW,-114.0875454,50.88374152
Glenbrook,4725 - 33 Avenue S.W.,-114.1549975,51.0235114
St. Rita,7811 Ranchview Drive N.W.,-114.1817531,51.11986617
Connect Charter,5915 Lewis Drive S.W.,-114.1357584,51.00037352
W.H.Cushing Workplace,130 - 7 Avenue S.W.,-114.0649132,51.04682403
Monterey Park,"7400 California Blvd., N.E.",-113.9304829,51.07742466
St. Sylvester,7318 Silver Springs Blvd NW.,-114.1943777,51.10924676
Alex Munro,427 - 78 Avenue N.E.,-114.0613952,51.12064736
Colonel Walker,1921 - 9 Avenue S.E.,-114.0190347,51.034362
Beddington Heights,95 Bermuda Road N.W.,-114.0793929,51.13174563
CLS Lord Beaverbrook Writing Centre,9019 Fairmount Dr.  S.E.,-114.0616396,50.97309982
SAIT - Mayland Heights Campus,,-114.0094141,51.05300229
Dr. Gordon Higgins,155 Rundlehill Drive N.E.,-113.970664,51.07526967
Sir Winston Churchill High,5220 Northland Drive N.W.,-114.13999,51.1001127
Crescent Heights High,1019 1 St NW,-114.0660914,51.0614898
St. Jerome Elementary,11616 Panorama Hills Blvd NW,-114.0792827,51.15771116
St. Teresa of Calcutta,121 Midlake Boulevard S.E.,-114.0521172,50.9144204
St. Ambrose,1500 Arbour Lake Road N.W.,-114.2061636,51.13347038
St. Vincent De Paul Elementary Junior High,4525 - 49 Street N.W.,-114.1597997,51.09314463
St. Alphonsus Elementary Junior High,928 Radnor Avenue N.E.,-114.041415,51.06473357
Palliser Beyond Borders at Calgary,Suite 120 2635 - 37 Avenue,-113.9990423,51.08611443
Wildwood,120 - 45 Street S.W.,-114.1521166,51.05158955
St. Martha,6020 - 4 Avenue N.E.,-113.9456359,51.05654329
Battalion Park,369 Sienna Park Drive S.W.,-114.181901,51.02356691
Thorncliffe,5646 Thornton Road N.W.,-114.0670966,51.10232312
Chaparral,480 Chaparral Drive S.E.,-114.0449682,50.88296401
Madeleine D' Houet Bilingual,108 - 22 Street N.W.,-114.1122383,51.05319361
Horizon Leadership Academy,Building B4 Battleford Ave. SW,-114.1190467,51.01764438
Westmount Elementary,728 - 32 Street NW,-114.1314284,51.05814762
River Valley,3127 Bowwood Drive N.W.,-114.1743441,51.07946941
St. Benedict,10340 - 19 Street S.W.,-114.105447,50.9619937
CLS Lord Shaughnessy Writing Centre,2336 53 Ave SW,-114.1139277,51.00651691
Dr. Martha Cohen,116 Brightondale Park SE,-113.9447324,50.91709892
The Third Academy,"3,510-77th Ave SE",-114.0514595,50.98512208
Brentwood,1231 Northmount Drive N.W.,-114.123858,51.09048945
Sainte Marguerite Bourgeoys,4700 Richard Road S.W.,-114.1215832,51.01113758
Connaught,1121 - 12 Avenue S.W.,-114.0877162,51.04153268
St. Basil Elementary/Junior High,919 Tuscany Drive NW,-114.2503348,51.11941379
Rideau Park,829 Rideau Road S.W.,-114.0755637,51.02527662
St. James Elementary Junior High,2227 - 58 Avenue S.W.,-114.1136684,51.00114196
Montessori School of Calgary,2201 Cliff Street S.W.,-114.0760776,51.03336102
St. Joseph Elementary Junior High,2512 - 5 Street N.W.,-114.0733169,51.07478657
Maria Montessori,Chief Crowfoot School 2634 12 Ave NW,-114.1235826,51.0627098
Arbour Lake Middle,27 Arbour Crest Drive N.W.,-114.2091772,51.13465099
Foothills Academy,745 - 37 Street N.W.,-114.1423066,51.06407216
Edgemont,55 Edgevalley Circle N.W.,-114.1435785,51.12888867
John Costello Catholic,300 Strathcona Drive S.W.,-114.1807075,51.04883256
St. John XXIII,1420 Falconridge Drive N.E.,-113.9389781,51.10140502
Hillhurst,1418 - 7 Avenue N.W.,-114.0931372,51.05929477
West Ridge,8903 Wentworth Avenue SW,-114.2142424,51.05848922
St. Stephen,10910 Elbow Drive S.W.,-114.0838525,50.95569541
Kenneth D. Taylor,30 Evanscove Circle NW,-114.1178014,51.16509597
Alex Ferguson,1704 - 26 Street S.W.,-114.1229836,51.03936377
Sir John A Macdonald,6600 - 4 Street N.W.,-114.0700457,51.11147702
Project Trust,"#206, 315 10 avenue  S.E.",-114.0828403,51.07207022
Colonel Sanders,226 Northmount Drive N.W.,-114.0747704,51.09981373
Monsignor J. J. O'Brien,99 Bridlewood Road SW,-114.1038587,50.90156632
Cambrian Heights,640 Northmount Drive N.W.,-114.0879744,51.08535175
St. Albert the Great,225 Prestwick Ave SE,-113.9600758,50.92150965
Ernest Morrow,1212 - 47 Street S.E.,-113.9648387,51.04338456
Stanley Jones,950 6th St. NE,-114.0477073,51.05990541
Our Lady of the Rosary,41 Cranston Gate SE,-113.9682061,50.87442918
Balmoral,220 - 16 Avenue N.W.,-114.0664802,51.06788182
Alberta Chung Wah,"#270, 328 Centre Street S.E.",-114.0617383,51.04956496
